ID,mdp,infstatus
BHC100,-0.490489268,-2
BHC105,0.26575277,-2
BHC106,0.031410977,-2
BHC107,0.241247037,-2
BHC108,0.260264668,-2
BHC112,-0.211627027,-2
BHC118,-0.074977857,-2
BHC120,-0.243481564,-2
BHC124,0.190183691,-2
BHC127,0.044248808,-2